temperature_k,density_kg_m3,dynamic_viscosity_pa_s,specific_heat_j_kg_k,thermal_conductivity_w_m_k,prandtl,kinematic_viscosity_m2_s,thermal_diffusivity_m2_s
280.0,999.93,0.0014354,4199.0,0.5760,10.46,0.000001435,0.0000001372
300.0,996.62,0.0008544,4179.0,0.6104,5.85,0.0000008573,0.0000001466
320.0,989.43,0.0005772,4180.0,0.6369,3.788,0.0000005834,0.0000001540
340.0,979.44,0.0004225,4188.0,0.6568,2.694,0.0000004314,0.0000001601
360.0,967.21,0.0003267,4202.0,0.6710,2.064,0.0000003378,0.0000001651
